CreatedAt,Text,SentimentPct,Location,ImageUrl
03/01/2020 17:52:53,"Bernie refuses to call off his dogs, the supporters and the campaign. Enough is enough. #VoteJoe to restore dignity to the Whit House and our country. #California #CaliforniaPrimary #CaliforniaForBiden #JoeBiden https://t.co/Zci766yqOE",0.6045858,"California, USA",
03/01/2020 17:37:21,Make calls and donate for California! #teamjoe #biden2020 #bidenbounceback #supertuesday #CaliforniaPrimary https://t.co/DSjojU4zA6,0.9510025,California,
03/01/2020 17:36:14,"@janemarielynch @JoeBiden Wonderful--thank you! Me too. Hoping the #JoeMentum continues. C'mon, #CaliforniaPrimary--let's go with Joe!",0.9571037,Southern California,
03/01/2020 17:30:32,"As #Democrats scramble to elect anyone but #BernieSanders, the Democratic socialist looks poised to sweep California. #2020election #BernieSanders #CaliforniaPrimary #Campaign #Delegates #Democrats #ElizabethWarren #JoeBiden #MichaelBloomberg #politics‚Ä¶ https://t.co/2eSzHw95Fq",0.81622404,"Phoenix, AZ",
03/01/2020 17:28:59,@Georgians4Biden @Deemoney521 @JoeBiden You have my vote in California! #Biden2020 #BidenbeatsTrump #CaliforniaPrimary,0.9815661,,
03/01/2020 17:23:50,"Bernie is easier on the Russians than he 8s on the Democratic Party. Enough of his bullshit. We need a serious candidate, a serious leader. Bernie is about grievance, not about people. #VoteJoeBiden #SuperTuesday #California #CaliforniaPrimary #RidinWithBiden #JoeMentum https://t.co/5G7vV6FmdS",0.96486366,"California, USA",
03/01/2020 17:15:52,"@cmarinucci @BernieSanders @JoeBiden I think Biden only has 1 (unstaffed) campaign office in the whole state of California vs Bloomberg‚Äôs 20 (with 300 staff), but I think he can staff it today and catch up in 2 days! Realistically, it‚Äôll be super easy! I‚Äôm staking all my hopes on it!

#CaliforniaPrimary #Biden2020",0.61463225,,
03/01/2020 17:13:33,Make calls for Joe in California! #BidenBounceback #CaliforniaPrimary #Biden2020 #teamjoe https://t.co/wMgbHEkOjt,0.9645293,California,
03/01/2020 17:04:56,"#CaliforniaPrimary #TexasPrimary voters, the #SCPrimary voters didn‚Äôt let Trump and the #Republicans pick their candidate @BernieSanders whom they feel Trump can beat! So don‚Äôt let the @gop choose yours either! #VoteJoeBiden #RidenWithBiden #Biden2020 #BidenHarris2020 https://t.co/FAN3WuwkCt",0.91318214,"Whittier, Ca.",
03/01/2020 16:59:56,@CristobalJAlex @Deemoney521 @JoeBiden Booyah üíô #CaliforniaPrimary #Biden2020 https://t.co/PhEnjkfPvm,0.2272901,,https://pbs.twimg.com/media/ESCfTpwVAAA01Ib.jpg
03/01/2020 16:50:46,"@Visualchick28 @norm_dagaire @MalcolmNance #CaliforniaPrimary #CAPrimary #Cali #WestSide #WestCoast #SF #BayArea #LosAngeles #Sacramento to #SanJose and #Oakland #SanDiego and back. We make up most of the üá∫üá∏ GDP. I can tell you right now, it‚Äôll be rich white liberals and college kids for Bernie. All else for #Biden2020 https://t.co/VXIQOeNkLR",0.88799477,"Antioch, CA",https://pbs.twimg.com/media/ESCdNO5U0AAEkeY.jpg
03/01/2020 16:34:40,"Combined with the fact that I'm voting in the #CaliforniaPrimary and it's looking like Sanders will win big here, I'd rather see Biden be viable as opposed to being shut out. #JoeBiden2020 #JoeBiden #CaliforniaForBiden #RidinWithBiden https://t.co/jjOaSTkTd7",0.07780347,"California, USA",https://pbs.twimg.com/media/ESCZgxbXkAA1fI1.jpg
03/01/2020 15:37:03,#CaliforniaPrimary #californiaforall #OrangeCounty #SANBERNARDINO #Riverside #elcentro #SanDiego #SanFranciscoBayArea #LosAngeles #gunsense #TimesUp #SundayThoughts #Primary2020 #California #Bloomberg #Biden2020 https://t.co/u9ULTIwNqO,0.34930286,Crime-ridden Motel 6 is owned by Trump advisor/Kushner financier Steve Schwarzman. It's not #PetFriendly. It's deadly,
03/01/2020 15:20:18,"Biden's surprise ray of hope in California @TeamJoe 

https://t.co/FR0IDKbxWc

#CaliforniaPrimary 
#Cali4Joe
#JoeMentum 
#BidenBounceback 
#Democrats2020
#DropOutBernie",0.8181786,United States,
03/01/2020 15:04:10,"SAY HELL NO AMERICA
#VoteDemsOut #KAG 
#VoteRedToSaveAmerica 
HOW DARE YOU #Democrats 
#DemocraticPrimary #BernieSanders2020  #Warren2020 #Buttigieg 
#Biden2020 #BidenHarris2020 
#CaliforniaPrimary #California #LAisPoophole
#VoteBlueNoMatterWho 
#VoteRed2020 
@realDonaldTrump https://t.co/37LDP2tM0O",0.31704208,"Monrovia, Ca",
03/01/2020 15:02:43,"I am this voter. We used to be called ‚Äúyellow dog Democrats.‚Äù Perfect Democrat? Hih propensity voter? Whatever, I‚Äôm voting #Biden2020 in the #CaliforniaPrimary https://t.co/dSdvnCedhz",0.790965,,
03/01/2020 13:56:04,Joe: Call Kamala -An interesting possibility to consider on the eve of the California Primary. #CaliforniaPrimary #JoeBiden #KamalaHarris  https://t.co/XIIIfNvIsC,0.5681217,"Hudson Valley, NY",
03/01/2020 13:33:32,"@JacquiResists I haven't dropped off or mailed my ballot in yet, however, I, too, decided to vote 4 Biden. Only made my decision officially today. Think he had a great week and a great primary yesterday. #Biden2020 #BidenBounceback #BidenForPresident #SuperTuesday #CaliforniaPrimary #March3rd",0.95928735,"California, USA",
03/01/2020 12:34:29,This is a #Democrat run city. They would like all of #America to look like this ! #CaliforniaPrimary #VeteransForBernie #Veterans #CNN #MSNBC #FoxandFriends #AdamSchiff #BlackTwitter #JoeBiden https://t.co/u3hbTH10KK,0.15778187,THE BURGH!,
03/01/2020 08:24:20,I voted for #Biden2020 in #CaliforniaPrimary. https://t.co/wLZKaewE1A,0.055542048,,
03/01/2020 04:35:02,@BernieSanders @TomSteyer #Breaking_News #BernieSanders reveals his economic plan video.#SCprimary2020 #SouthCarolinaPrimary #CoronaVirusUpdate #WATLIV #HumanRightsRefugee #HBDtoWONHO #AfghanPeaceProcess #Biden2020 #WalkAwayFromDemocrats #WalkAway #Trump #KAG #KAG2020 #MAGA #CaliforniaPrimary #Venezuela https://t.co/xn459WIi5f,0.8702741,"Brooklyn, NY",https://pbs.twimg.com/ext_tw_video_thumb/1233973979557302272/pu/img/8RgdpyGQz_r8GQ5r.jpg
03/01/2020 04:27:35,"@kenolin1 @TomSteyer @JoeBiden Just mailed in my ballot. Where I like Warren, she isn‚Äôt getting the traction needed and Biden just proved he can get the vote. I voted for @JoeBiden #Democrats2020 #DemPrimary #Biden2020 #JoeBiden #JoeBiden2020 #CaliforniaPrimary #BidenHarris2020",0.13991246,"California, USA",
03/01/2020 03:47:47,"@DemWrite @joncoopertweets The next 24hrs would work,
esp bc the #CaliforniaPrimary is around the corner. Many of us  know Biden will highly likely be choosing a Black female as his Vice President #BidenHarris2020 
would motivate! #Biden2020 
#KamalaHarris is from #California",0.541874,"California, USA",
03/01/2020 03:27:31,"In some states, campaign staffers/door-knockers can now collect voters' ballots &amp; take them to the polling place. #CaliforniaPrimary is one of them. In #CA &amp; want to know if your ballot's been counted? Check here! üá∫üá∏üíö #BayArea  https://t.co/DD8xg87otj #BidenBounceback #Biden2020",0.46741802,Northern California,
03/01/2020 02:51:53,We need to get Joe Biden to at least to 15% in California man!!! #GoJoe!!! #Biden2020 #CaliforniaPrimary let go California!!!! @TomSteyer ??üòÅ,0.30729225,United States,
03/01/2020 02:50:51,We need to get Joe Biden to at least to 15% in California man!!! #GoJoe!!! #Biden2020 #CaliforniaPrimary let go California!!!!,0.49161145,United States,
03/01/2020 02:48:40,"After Tonight's #SouthCarolinaPrimary , Who Do You Think Will Win Big On #SuperTuesday ?

--- Please vote and #retweet for bigger sample ---

#Biden2020 #Bernie2020 #Bloomberg2020 #Warren2020 #CaliforniaPrimary #TexasPrimary",0.2754327,"Los Angeles, CA",
03/01/2020 02:45:01,"#GoJoe #CaliforniaPrimary 
@JoeBiden #TeamJoe 
#JoeBiden2020 https://t.co/USqojdCwlX",0.8433993,"Rancho Mirage, Ca",
03/01/2020 02:35:30,"@JoeBiden is now the leader in popular votes!

‚ú®üíô#votelikeablackwoman üíô‚ú®

#CaliforniaPrimary #BidenbeatsTrump #BidenBounceback #Biden2020 https://t.co/7iQMP4jlQU",0.81077236,OZ,https://pbs.twimg.com/media/ER_ZcQOWoAALrHi.jpg
03/01/2020 02:35:18,"@KamalaHarris it‚Äôs time to put your support behind @JoeBiden ! We need someone who knows how to get things done. We need a true blue leader to help the @TheDemocrats keep the house, win the senate, and take back the WH #JoeBiden #BlueWave #SouthCarolinaPrimary #CaliforniaPrimary",0.07226819,,
03/01/2020 01:59:23,"Which is why I want JOE!!!

#JoeBidenForPresident2020 #Biden2020 #Biden #BidenBounceback #BidenbeatsTrump #BidenForPresident #JoeBiden #JoeBiden2020 #Democrats #DemocraticPrimary #Primary2020 #RidinWithBiden #TeamJoe #TeamBiden #Vote #SuperTuesday #CaliforniaPrimary #TexasPrimary https://t.co/tKs3puU7OU",0.8764474,,
03/01/2020 01:52:08,Congratulations to @JoeBiden #Biden2020 #BidenBounceback #CaliforniaPrimary #TexasPrimary #SuperTuesday #SouthCarolinaPrimary #SCprimary2020 #BidenHarris2020,0.7771078,Elysium,
03/01/2020 01:26:03,"@ToddGloria @KamalaHarris @KamalaHarris Please endorse
Joe Biden. We can use your help with the #CaliforniaPrimary üá∫üá∏
#SouthCarolinaPrimary #BidenBounceback #Biden2020",0.8131809,"California, USA",
03/01/2020 01:15:04,"@trexmarshall @JoeNBC Not necessarily 
Feinstein won
DeLeon did not
Older voters do not like Bernie 
#JoeBiden 
#CaliforniaPrimary 
@votolatino 
Please vote for who wanted the 2007 immigration reform bill Joe Biden not who voted NO on it Bernie https://t.co/Pptce6THgI",9.401591E-06,,https://pbs.twimg.com/media/ER_HCmSU0AIdygB.jpg
03/01/2020 01:06:53,@electroboyusa @LillianOrlando4 @MikeBloomberg @JoeBiden Yes! And we need to unite behind #Biden2020 NOW. Cause we can plainly see #Bernie2020 will lose. So don‚Äôt waste ANY votes on #Bloomberg #Buttigieg #Klobuchar etc folks! Looking at you #CaliforniaPrimary #TexasPrimary etc!!!   PS They shd all drop out! NOW.,0.004355036,"Brooklyn, NY",
03/01/2020 01:05:36,@peterdaou Ok we need to unite behind #Biden2020 NOW. Cause we can plainly see #Bernie2020 will lose. So don‚Äôt waste ANY votes on #Bloomberg #Buttigieg #Klobuchar etc folks! Looking at you #CaliforniaPrimary #TexasPrimary etc!!!   They shd all drop out! NOW.,0.0009931428,"Brooklyn, NY",
03/01/2020 01:03:20,@Canadiancentri2 He‚Äôs totally the guy! And we need to unite behind #Biden2020 NOW. Cause we can plainly see #Bernie2020 will lose. So don‚Äôt waste ANY votes on #Bloomberg #Buttigieg #Klobuchar etc folks! Looking at you #CaliforniaPrimary #TexasPrimary etc!!!   They shd all drop out! NOW.,0.00730086,"Brooklyn, NY",
03/01/2020 00:41:16,https://t.co/f2MI8Z0pWU  #CaliforniaPrimary #TexasPrimary  #VirginiaForBiden #Alabama #JoeBidenForPresident2020 #Joebiden #SCprimary2020,0.58859754,,
03/01/2020 00:37:39,"Hey California, remember this song when you go to the polls! üó≥ @JoeBiden ü•ä @MSNBC @CNN #JoeBiden  #JoeBiden2020 #CaliforniaPrimary #California # #AnaheimCalifornia #AfricanAmericans #LosAngelesCalifornia #SanFranciscoCalifornia #BeverlyHillsCalifornia #SuperTuesday Retweet https://t.co/f2VxMmAHNX",0.942416,United States,https://pbs.twimg.com/ext_tw_video_thumb/1233914046207995904/pu/img/WFtGenKWEunb57r2.jpg
03/01/2020 00:34:51,"@EdanClay Yes! Yes! C‚Äômon #California üòé
Go for Joe! Bernie can‚Äôt beat 
Trump‚Äî#JoeBiden CAN! üá∫üá∏‚ù§Ô∏è
#SiSePuede #CaliforniaPrimary",0.89826846,"California, USA",
03/01/2020 00:30:51,"Proud to cast my #CaliforniaPrimary vote for the next President, #JoeBiden2020 #Biden2020 #BidenbeatsTrump #BidenBounceback https://t.co/qwC11yOWsq",0.9574748,"Los Angeles, CA",https://pbs.twimg.com/media/ER-86-oVUAAAfkH.jpg
03/01/2020 00:22:10,@marclamonthill Let's  bring it on #SuperTuesday #Kamala comeout for #JoeBiden #CaliforniaPrimary #BidenHarris2020,0.9484582,United States,
03/01/2020 00:18:41,#SouthCarolinaPrimary #SCprimary2020 congratulations #JoeBiden. JB can help #downballot get Dems independents &amp; #nevertrump #gop. Biden can get to work on day 1. Who in #CaliforniaPrimary will endorse Joe to #dumptrump. Sorry but #berniesanders cannot win Nov #ElectoralCollege,0.6394021,,
03/01/2020 00:15:54,"üí™üèΩ‚úäüèΩüí™üèΩ‚úäüèΩüí™üèΩ‚úäüèΩüí™üèΩ‚úäüèΩüí™üèΩ‚úäüèΩ

JOE BIDEN WINS SOUTH CAROLINA!

#SouthCarolinaPrimary 
#BuhByeBernie
#SuperTuesday
#CaliforniaPrimary HERE WE COME!

#BidenHarris2020 
#BidenBounceback
#TeamJoe
#ForThePeople
#KamalaHarris‚öñÔ∏èüóΩü•áüåüüí´ https://t.co/FXMJhS166l https://t.co/5wOqIYILgd",0.95498544,Everywhere And Nowhere,https://pbs.twimg.com/media/ER-5fz5UcAAC4bA.jpg
02/29/2020 23:24:05,"A dream 3.5 years in the making #biden2020 #republicanturneddemocrat #vote2020 #californiaprimary @ Burbank, California https://t.co/4oTaqWKfnA",0.7018794,Beautiful Downtown Burbank,
02/29/2020 22:52:35,"So, #CaliforniaPrimary for #Biden2020",0.47083533,United States,
02/29/2020 18:14:39,#JoeBiden #CaliforniaPrimary #SuperTuesday https://t.co/A8QoevgKdq,0.9406241,USA,
02/29/2020 17:02:36,#SCprimary2020 #SCPrimary #CaliforniaPrimary #TexasPrimary Vote #JoeBiden to stand up and fight for common sense gun legislation. #TeamBiden #JoeMentum https://t.co/ByFfZsH3M4,0.778782,United States,
02/29/2020 15:29:39,My California ballot is filled out and I voted for @JoeBiden. #VoteforJoe #JoeBiden #CaliforniaPrimary #JoeBiden2020 #BidenHarris2020,0.5728926,,
02/29/2020 14:57:46,#CaliforniaPrimary : vote smart and save our democracy. We have to take back the Senate and keep the Pelosi House. Unite with Biden. #Biden2020 https://t.co/XqC84mcMA6,0.9204713,California,https://pbs.twimg.com/ext_tw_video_thumb/1233768262543896578/pu/img/xnQ48aTgzq8hml5y.jpg
02/29/2020 14:56:18,"Records don‚Äôt lie. We need a leader with a history of passing common sense, federal gun safety legislation. #TeamJoe #Biden2020 #BidenbeatsTrump #CaliforniaPrimary #BidenbeatsNRA https://t.co/M82BnKlfho",0.80745715,"Los Angeles, CA",https://pbs.twimg.com/media/ER85Z3KVAAABRQu.jpg
02/29/2020 14:53:53,Help Get out the Vote for Joe in California! There are lots of opportunities to volunteer over those next 4 days. #BidenForPresident #Biden2020 #BidenBounceback #BidenbeatsTrump #CaliforniaPrimary https://t.co/ZcxWt6tbYh,0.56031406,"California, USA",
02/29/2020 14:51:32,Help Get out the Vote for Joe in California! There are lots of opportunities to volunteer over those next 4 days. #BidenForPresident #Biden2020 #BidenBounceback #BidenbeatsTrump #CaliforniaPrimary  https://t.co/uEMyEx8Yix,0.49241439,"Los Angeles, CA",
02/29/2020 07:37:05,@Acosta CALI Let‚Äôs Win This #CaliforniaLove #CaliforniaPrimary #SuperTuesday #BayArea #TeamJoe #Biden2020 https://t.co/AeR6LbJRk1,0.9968316,"Antioch, CA",https://pbs.twimg.com/media/ER7U45YUYAIZR0W.jpg
02/29/2020 05:10:23,#VoteBiden #Biden2020 #BidenbeatsTrump #CaliforniaPrimary https://t.co/ZBMeRGiA6f,0.9476715,"California, USA",
02/29/2020 01:15:43,"@timkaine @JoeBiden I'm in #California and I'm voting for @JoeBiden in the #CaliforniaPrimary on #SuperTuesday.
#Biden2020
#TeamJoe
#PresidentBiden",0.9243542,"ùòäùò¢ùò≠ùò™ùòßùò∞ùò≥ùòØùò™ùò¢, ùòúùòöùòà",
02/28/2020 21:29:29,#Biden wins support of major Hollywood fundraiser https://t.co/skdD2gdUrT via @politico #BernieWon #Bernie2020 #Sanders2020 #CaliforniaPrimary #JoeBiden,0.7282147,"Arlington, TX",
02/28/2020 17:46:27,"@PelosiSquadXVII @notcapnamerica @BernieSanders ü§•Bernie didn‚Äôt tell us he had a heart attack

ü§•Bernie didn‚Äôt tell us Russia was helping him

ü§•Bernie didn‚Äôt tell us he paid a settlement for discrimination 

But he promises free stuff he can‚Äôt logically deliver 

#CaliforniaPrimary #CaliforniaLove 
#BidenHarris2020 #Biden2020 https://t.co/wNdi7Uq9JI",0.60585386,OZ,https://pbs.twimg.com/media/ER4WxcdXkAESzEe.jpg
02/28/2020 15:31:56,Bernie Sanders is destroying the Democratic party as he said he would do. 5 yrs in the making and he's on track unless we beat him at the ballot box. #Democrats2020 #RidinWithBiden #TeamJoe #CaliforniaPrimary #TEXAS #California #FridayFeeling https://t.co/BVce1ogiok,0.7782205,United States,https://pbs.twimg.com/media/ER33-9NXYAIPzxx.jpg
02/28/2020 15:05:01,"Joe is only polling at 8% and in 4th place in California, WE NEED HELP TO BOOST THOSE NUMBERS ASAP!!! HELP JOE PLEASE!!! #CaliforniaPrimary #WeKnowJoe #Biden2020 #Biden #BidenHarris2020 #BidenBounceback #BidenForAmerica2020 #BidenHarris #BidenForPresident",0.7809663,Brooklyn NY,
02/28/2020 14:51:41,ü§£#Alabama #Arkansas #California #CaliforniaPrimary #Colorado #Maine #Massachusetts #Minnesota #NorthCarolina #Oklahoma #Tennessee #TexasPrimary #Utah #Vermont #Virginia #Nevada #SouthCarolinaPrimary #TomSteyer #TeamTom  #Elections2020 #SuperTuesday #BernieSanders2020 #JoeBiden https://t.co/NehBf0pB9p,0.69289553,"‚ôÄÔ∏è  from New England, USA üá∫üá∏",
02/28/2020 14:50:36,"Laboratoire unions against TTrump 
#JoeBiden 
#BernieSanders2020
#Warren2020  #PeteButtigieg 
#SouthCarolinaForBernie
#SouthCarolinaPrimary
#SouthCarolina 
#SCDemDebate #SCDebate
#DemocraticPrimary 
#SuperTuesday #CaliforniaPrimary 
#TrumpVirus
#Trump2020
https://t.co/wIiQHPwJJ9",0.6770106,"Ile-de-France, France",
02/28/2020 07:40:05,#TrumpPence2020 #Bloomberg2020 #Pete2020 #JoeBiden #BernieSanders #BernieBeatsTrump #SouthCarolinaPrimary #California #CaliforniaPrimary https://t.co/MHpZ0AzNqM,0.8812211,United States,
02/28/2020 07:02:17,"This is the New #Biden2020 ad &amp; will be run in Super Tuesday states!

It‚Äôs a great testimony from our last President, Barack Obama about our next President, Joe Bidenüíô

Thank you @BarackObama !

#CA #CaliforniaPrimary #Florida #FL #TX #TexasPrimary 
https://t.co/PGqqFGd0Y0",0.99838394,OZ,https://pbs.twimg.com/ext_tw_video_thumb/1232735117946302465/pu/img/ea5cyvHRnt5tCnc0.jpg
02/28/2020 06:58:34,"I #trust @JoeBiden, why do I trust him? Because he has always been #honest.: #CharacterMatters #Biden2020 #SouthCarolinaPrimary #SuperTuesday #CaliforniaPrimary #Biden2020 #TeamJoe https://t.co/qmPr5LaStY",0.4428093,Iowa,
02/28/2020 06:53:27,@JoeBiden does what he says. He will fight to #EndGunViolence #BanAssaultWeapons #GunSense : #Biden220 #SouthCarolinaPrimary #CaliforniaPrimary #TexasPrimary #TeamJoe #Biden2020 https://t.co/aptPrtqbl5,0.94382507,Iowa,
02/28/2020 06:50:25,"Let's give people a choice, #ProtectOurCare, #ACA. : #HealthCare #SouthCarolinaPrimary #TexasPrimary #CaliforniaPrimary #Biden2020 #TeamJoe https://t.co/ue2LbDjAop",0.7024482,Iowa,
02/28/2020 01:57:18,"#SouthCarolina #SouthCarolinaPrimary 
#NorthCarolina #NorthCarolinaPrimary
#TEXAS #TexasPrimary
#California #CaliforniaPrimary 

#MassIncarceration #BidenCrimeBill #JoeBiden 
#MichelleAlexander @chrislhayes @allinwithchris 

#NotMeUs #Bernie2020 https://t.co/EsdCySELpW",0.8141013,,
02/27/2020 23:12:20,"#FollowTheMONEY‚ÄîALWAYS. Rationalize for #JoeBiden however‚Äî#Biden fought to take power away from Americans while #BernieSanders fought for their power.
#SouthCarolina #SouthCarolinaPrimary 
#NorthCarolina #NorthCarolinaPrimary
#TEXAS  #TexasPrimary
#California #CaliforniaPrimary https://t.co/Suj4MwLCMp",0.7356042,,
02/27/2020 22:19:08,.@DrBiden spent time in her natural habitat today ‚Äî on a college campus ‚Äî and touring @fresnocity! Beautiful day to be outside talking about @JoeBiden‚Äôs education plan! #CaliforniaPrimary #CAprimary #teamjoe https://t.co/7YWJkl4roG,0.8266787,,https://pbs.twimg.com/media/ER0LmIZVUAEmQFH.jpg
02/27/2020 19:09:00,"@joncoopertweets @JoeBiden @KamalaHarris No can do. I would, of course, #vote for this ticket.... But #JoeBiden at the head is not the ideal I see beating #Trump. I voted for #ElizabethWarren in the #CaliforniaPrimary. I originally supported my state senator @SenKamalaHarris. Not it's @ewarren!",5.255726E-05,"Dixon, CA",
02/27/2020 18:01:16,Asked and answered. Now available in time for TUESDAY‚ÄôS #SuperTuesday  #CaliforniaPrimary with #CaliforniaLove #TeamJoe #Biden2020 #BidenbeatsTrump #WeKnowJoe #BernieIsACommunist #RussianInterference #TrumpRussia #WomenCount #MeToo https://t.co/JMYmj0ER2p https://t.co/x2WLZTPaRi,0.99709296,"Antioch, CA",https://pbs.twimg.com/media/ERzQk0rVAAYoOEj.jpg
02/27/2020 15:47:03,"@johnmay_ Always a pleasure. Remember you can copy and share online or print printshop-ready PFDS at https://t.co/JMYmj0ER2p

#SoCal to #NorCal Were proud to be from the Golden State #CaliforniaPrimary - Now let‚Äôs get out the Vote and rally for Joe #Biden2020 #SuperTuesday  ü•Å ü•Å https://t.co/95dHYXeAFn",0.77125835,"Antioch, CA",https://pbs.twimg.com/media/ERyx2b0UYAUmrxv.jpg
02/27/2020 06:05:41,"Be heard Tuesday Cali üôè
#WeKnowJoe and everyday Joes, Janes and @_Jacquelyn2020 from #NYC to #Oakland #SF and back down to #LA #Hollywood all know there‚Äôs only one that can Beat Trump #Pasadena where you at? #Biden2020 
#CaliforniaPrimary #Cali #NorCal #SoCal #SuperTuesday https://t.co/hxHO2YIVkC",0.80482686,"Antioch, CA",https://pbs.twimg.com/media/ERwsyqpUwAARft8.jpg
02/27/2020 04:09:56,Let‚Äôs #GOTV LA! Tuesday is a good day ü§ü‚úä #CaliforniaLove #CaliforniaPrimary #LosAngeles #CityOfAngels #TeamJoe #BidenFlightCrew #Biden2020 https://t.co/K6gGHE0SGN https://t.co/Gg2R2wW7LP,0.96607447,"Antioch, CA",https://pbs.twimg.com/media/ERwSSxZU8AIo71q.jpg
02/27/2020 01:52:46,"@MsVivicaFox @JoeBiden #LA #LosAngeles #CityOfAngels #CaPrimarySuperTuesday #WestSide #CaliforniaPrimary #TeamJoe #Biden2020 #RidinWithBiden #BidenFlightCrew 

SUPER Tuesday was a GOOD DAY üá∫üá∏ ü•Å https://t.co/yLnl8wDD2H",0.84023464,"Antioch, CA",https://pbs.twimg.com/media/ERvy5xNU8AEP4Nw.jpg
02/26/2020 22:42:31,Loving the #Biden Los Angeles campaign office art! #Biden2020 #TeamJoe #BidenBounceback #CaliforniaPrimary https://t.co/pLPszeUaCU,0.55714715,"Los Angeles, CA",https://pbs.twimg.com/media/ERvHWtMUcAIfGbG.jpg
02/26/2020 21:06:49,#Alabama #Arkansas #California #CaliforniaPrimary #Colorado #Maine #Massachusetts #Minnesota #NorthCarolina #Oklahoma #Tennessee #TexasPrimary #Utah #Vermont #Virginia  #SouthCarolinaPrimary #TomSteyer #TeamTom #DemDebates #DemDebate2020 #BernieSanders #JoeBiden #SuperTuesday https://t.co/SmNSouZwit,0.45606112,"‚ôÄÔ∏è  from New England, USA üá∫üá∏",
02/26/2020 21:04:31,#Alabama #Arkansas #CaliforniaPrimary #Colorado #Maine #Massachusetts #Minnesota #NorthCarolina #Oklahoma #Tennessee #TexasPrimary #Utah #Vermont #Virginia  #SouthCarolinaPrimary #TomSteyer #SuperTuesday #CoronavirusOutbreak #pandemic #BernieSanders #JoeBiden #BuildTheWall https://t.co/jFZhQCzYN8,0.902512,"‚ôÄÔ∏è  from New England, USA üá∫üá∏",
02/26/2020 19:35:17,"Flu shot‚úîÔ∏è
B12 shot ‚úîÔ∏è
Ready to campaign all weekend in LA for #JoeBiden #Biden2020 #BidenBounceback #CaliforniaPrimary https://t.co/DvXPhHYOM9",0.46407604,"Los Angeles, CA",https://pbs.twimg.com/tweet_video_thumb/ERucgKzU8AAwB16.jpg
02/26/2020 19:32:59,@TheDemocrats #DemocraticDebate #BidenBounceback #Biden2020 #JoeBiden #JoeBiden2020 #BidenBounceback #BidenBeatsTrump #SouthCarolinaPrimary #BidenWon #CaliforniaPrimary #TexasPrimary #JimClyburn #Michigan #Ohio #Pennsylvania #Wisconsin #NorthCarolina  #VoteBlueToSaveAmerica #Vote https://t.co/yslKPp73Xw,0.8357382,Las Vegas,
02/26/2020 19:32:36,"man this old guy. nothing is ever his fault and it's 'rigged' if he doesn't get his way.
#SouthCarolinaPrimary #TexasPrimary #TEXAS #CaliforniaPrimary #California #BernieSanders #JoeBiden https://t.co/WZMJ2OPChH",0.3129691,,
02/26/2020 19:32:27,"@MTVNEWS man this old guy. nothing is ever his fault and it's 'rigged' if he doesn't get his way.
#SouthCarolinaPrimary #TexasPrimary #TEXAS #CaliforniaPrimary #California #BernieSanders #JoeBiden",0.4749189,,
02/26/2020 16:23:18,How could you vote for someone that voted against the Brady Bill 5 times! #NeverBernie #Biden2020 #TeamJoe #BidenBounce #CaliforniaPrimary,0.3349434,"Los Angeles, CA",
02/26/2020 04:29:30,Want to join me for this Joe Biden for President event? #Biden2020 #TeamJoe #CaliforniaPrimary #CaliforniaForBiden  https://t.co/KNJWNoM6hP,0.71685857,"Los Angeles, CA",
02/26/2020 03:06:24,"#DemDebate 
I think #PeteButtigieg, #ElizabethWarren and #JoeBiden all had a good night.
The #CaliforniaPrimary is a week from today.
I'm going to vote for either Pete or Elizabeth.
Not sure whom I'll choose.
#DemocraticDebate",0.11858486,"Los Angeles, California",
02/26/2020 03:04:13,"Good, because I already voted for him. LOL! #Biden2020 #CaliforniaPrimary #VotingAlwaysMatters https://t.co/Jj7Qsw2RYV",0.1266298,Northern California,
02/25/2020 23:14:22,Fired up ready to CAMPAIGN the hell out of this beezy #CaliforniaPrimary #SuperTuesday #BayArea #EastBay #Oakland #Sacramento #TeamJoe #Biden2020 #BlackLivesMatter https://t.co/iPX8a8RsZ3,0.41611624,"Antioch, CA",https://pbs.twimg.com/tweet_video_thumb/ERqFBnMUUAAxFCm.jpg
02/24/2020 16:56:56,"Just reminding you...

üö®üëâ @TomSteyer  üëàüö®

#Alabama #Arkansas #CaliforniaPrimary #Colorado #Maine #Massachusetts #Minnesota #NorthCarolina #Oklahoma #Tennessee #TexasPrimary #Utah #Vermont #Virginia  #SouthCarolinaPrimary #TomSteyer #BernieSanders #Biden2020   #SuperTuesday",0.34221488,"‚ôÄÔ∏è  from New England, USA üá∫üá∏",
02/24/2020 16:49:30,#Alabama #Arkansas #CaliforniaPrimary #Colorado #Maine #Massachusetts #Minnesota #NorthCarolina #Oklahoma #Tennessee #TexasPrimary #Utah #Vermont #Virginia  #SouthCarolinaPrimary #TomSteyer #Biden2020  #Equality #SuperTuesday #BernieSanders #Bernie2020  #LGBTQof2020 #LGBT üè≥Ô∏è‚Äçüåà https://t.co/ymlHZFeRso,0.6500631,"‚ôÄÔ∏è  from New England, USA üá∫üá∏",
02/24/2020 16:39:15,#Alabama #Arkansas #CaliforniaPrimary #Colorado #Maine #Massachusetts #Minnesota #NorthCarolina #Oklahoma #Tennessee #TexasPrimary #Utah #Vermont #Virginia  #SouthCarolinaPrimary #TomSteyer #BernieBeatsTrump #Biden2020  #Elections2020 #SuperTuesday #BernieIsMyPresident https://t.co/sWJo21A3Oy,0.8388353,"‚ôÄÔ∏è  from New England, USA üá∫üá∏",
02/24/2020 14:46:29,"No one should pay more than 30 percent of their income for housing.‚Äù #Biden2020 #JoeBiden #TeamJoe #CaliforniaPrimary 

Read more here: https://t.co/d1EhL5p1Gg https://t.co/1yROzRS9vb",0.20995659,"Los Angeles, CA",
02/24/2020 14:41:17,@JoeBiden @CAforBiden make sure staff/ volunteers are trained and up to date on these changes. #Biden2020 #TeamJoe #CaliforniaPrimary https://t.co/zUikCIkU9w,0.9332388,"Los Angeles, CA",
02/24/2020 02:04:32,"@rosevera @KlassCarol @JoeBiden #TeamJoe #Biden2020 #Latinx #CaPrimary #CaliforniaPrimary #CaliforniaForJoe #WestCoast #LosAngeles #Oakland #Sacramento #TheTown #DemPrimary #BlackLivesMatter #immigrants 
https://t.co/GR9GHhxp9s https://t.co/ug2A0cYYwZ",0.041835405,"Antioch, CA",https://pbs.twimg.com/media/ERgY02nU8AIPd7c.jpg
02/23/2020 22:34:11,"#CaliforniaPrimary #California 
#JoeBiden #JoeBiden2020 
#VoteBlue2020 https://t.co/VcDdbxFkn9",0.7127161,"Rancho Mirage, Ca",
02/23/2020 14:26:35,#Alabama #Arkansas #CaliforniaPrimary #Colorado #Maine #Massachusetts #Minnesota #NorthCarolina #Oklahoma #Tennessee #TexasPrimary #Utah #Vermont #Virginia  #SouthCarolinaPrimary #TomSteyer #BernieBeatsTrump #Biden2020  #Elections2020 #SuperTuesday #BernieIsMyPresident https://t.co/dUBh02vq9F,0.8388353,"‚ôÄÔ∏è  from New England, USA üá∫üá∏",https://pbs.twimg.com/media/ERd5E51WsAACf4B.jpg
02/23/2020 10:12:27,I just voted in the #CaliforniaPrimary I voted for @JoeBiden  because he is the least offensive of these losers and he can beat Trump with moderate support and Republicans who won't vote Trump. Not excited but there it is. #Ivoted #Biden2020 #CA51,0.0055114455,"Rome, Italy",
02/23/2020 03:03:41,"Get your shoes on, pick up the phone...tweet, tweet, tweet @JoeBiden @TeamJoe #CaliforniaPrimary #Biden2020 
BIDEN FOR PRESIDENT https://t.co/i418oCywz4",0.77509177,"Pennsylvania, USA",
02/22/2020 16:18:13,"TODAY #California, Today is the day the brand new voting centers open for business and you can VOTE NOW in #CaliforniaPrimary for 11 DAYS! I get to walk 30 ft across the street to cast my vote in #Hollywood for @JoeBiden! TODAY #teamjoe we got this kids. https://t.co/VJGUXZcRmS",0.104802646,"Hollywood, CA",https://pbs.twimg.com/media/ERZJCgMU8AEHFVq.jpg
02/21/2020 17:02:22,Voting starts tomorrow #CaliforniaPrimary #TeamJoe @JoeBiden https://t.co/9GO0XUS1ip,0.16451553,"Hollywood, CA",https://pbs.twimg.com/media/ERUJiwAU4AAN3ub.jpg
02/21/2020 16:54:06,Let's do this #LOSANGELES #CaliforniaPrimary Voting Centers open tomorrow! #teamJoe all the way! Our new #voteCenters in LA should be your state's flagship #America. Thank you @mayorofLA for endorsing @JoeBiden! https://t.co/eJ8YWJDZbw,0.0076943585,"Hollywood, CA",https://pbs.twimg.com/media/ERUHqQxVUAA13mf.jpg
